"drinker";"bar"
"Zeus Berg";"Edmond Mukamal D.d.s"
"Aaron Randolph";"East Atlanta Restaurant & Lng"
"Aaron Randolph";"Young's"
"Abigail Hancock";"Stone Church"
"Abigail Hancock";"Agatesupermicro"
"Abraham Hodges";"Cactus Jacks Tavern"
"Abraham Hodges";"Mississippi Nights"
"Abraham Hodges";"Wild Goose Bar & Grill"
"Acton Mayo";"Bleachers Inc"
"Acton Mayo";"City View Tavern"
"Acton Mayo";"Hoovers Pub & Grill"
"Acton Mayo";"Tags"
"Adam Buchanan";"The Harp And Shamrock Tavern"
"Adam Massey";"The Harp And Shamrock Tavern"
"Adara Gilmore";"Laughing Out Loud Productions"
"Adara Gilmore";"Eddy's Sports Pub"
"Adara Gilmore";"Paddy O'Neill's"
"Adele Dean";"Central Bar"
"Adele Dean";"Twenty-Two 18 Restaurant & Nig"
"Adena Lee";"Club"
"Adria Sargent";"Spirits Nightclub"
"Adria Sargent";"Char's Has The Blues"
"Adria Sargent";"Schooner Inc"
"Adrian Goodman";"Leather & Lace"
"Adrian Goodman";"Rhino's Sports & Spirits"
"Ahmed Lara";"New West"
"Ahmed Lara";"Silver Dollar"
"Ahmed Lara";"Sportsman Inn"
"Ahmed Lynn";"21 Rock"
"Ahmed Lynn";"Venue"
"Ahmed Snider";"Bar Louie Denver"
"Ahmed Snider";"Brackins"
"Ahmed Snider";"Fujioka's Wine & Spirits; LLC"
"Aiko Garrison";"Clark Street Ale House"
"Aileen Beach";"Carriage Inn"
"Aileen Beach";"Miyagi Sushi Bar & Grill"
"Aileen Beach";"Fionn Mac Cool's Irish Pub"
"Aimee Mcgee";"Laughing Out Loud Productions"
"Aimee Mcgee";"Eddy's Sports Pub"
"Ainsley Goodman";"Fast Eddy's"
"Akeem Hansen";"Young's"
"Akeem Shepard";"Thinking Man Tavern"
"Aladdin Cooley";"Kickers Country Club"
"Aladdin Cooley";"Mississippi Nights"
"Aladdin Cooley";"Cactus Jacks Tavern"
"Alana Koch";"SCENTSATIONAL SALOON"
"Alden Parker";"Next"
"Alden Parker";"Lodge Management Corporation"
"Alden Parker";"Winking Lizard Inc"
"Alden Prince";"Oxford's Cafe & Pub"
"Alden Prince";"Inn Zone"
"Alea Bryant";"Fionn Mac Cool's Irish Pub"
"Alea Bryant";"Billy Goat Tavern"
"Alea Oneil";"Deja Vu Ii"
"Alea Oneil";"Mill"
"Alexander Contreras";"Burnt Creek Club"
"Alexander Contreras";"Kyle Johnson"
"Alexander Contreras";"Nyclubscene.com"
"Alexander Whitfield";"Funny Farm"
"Alexandra Bowers";"Clark Street Ale House"
"Alexandra Bowers";"Hoops"
"Alexandra Bowers";"Zanies Comedy Night Club"
"Alexis Bass";"Billabongpub"
"Alexis Bass";"Chet's Place"
"Alexis Bass";"Lenny's Bar & Grill"
"Ali Johnson";"Madame Oar's"
"Alika Ayala";"Nyclubscene.com"
"Alika Ayala";"Call Of The Wild"
"Alika Ayala";"Legends Patio Bar & Grille"
"Alika Phillips";"Billabongpub"
"Alika Phillips";"Comedy Cellar"
"Alika Phillips";"Lenny's Bar & Grill"
"Allegra Morgan";"Kitchen K"
"Allegra Morgan";"Loki Lounge"
"Allegra Morgan";"Westfair Communications Inc"
"Allistair Trevino";"County Line Pub"
"Allistair Whitehead";"Bamboo Lounge"
"Allistair Whitehead";"GREAT TREATS INC Dba MULLENS DAIRY BAR"
"Allistair Whitehead";"War Eagle Supper Club"
"Althea Raymond";"Shai"
"Althea Raymond";"Main Street Station"
"Althea Raymond";"Stubbie Shirt Pub"
"Alvin Nash";"Platte River Bar & Grill"
"Alvin Nash";"Hye Bar"
"Alvin Nash";"Kitchen K"
"Alvin Nash";"Loki Lounge"
"Alyssa Jennings";"21 Rock"
"Alyssa Jennings";"Bracken's Pub"
"Alyssa Jennings";"Centre Point Bar & Grill"
"Amal Dillon";"Corner Pub"
"Amela Mack";"Adonis"
"Amela Mack";"Just One More"
"Amela Mack";"Poker Pub"
"Amela Pierce";"Better Way Marketing"
"Amela Pierce";"Lsg Sky Chefs"
"Amela Pierce";"Westfair Communications Inc"
"Amela Pierce";"Dead Horse"
"Amery Shepherd";"Hoops"
"Amery Shepherd";"Club Orleans"
"Amethyst Koch";"Bull Pen Bar"
"Amethyst Koch";"Nightmoves"
"Amir Battle";"H2O & Water Bar Lounge"
"Amir Wong";"Fitz' Bar & Grill"
"Amir Wong";"Gunsmoke Saloon"
"Amir Wong";"Lamplighter Inn"
"Amir Wong";"Bavarian Beer Nuts"
"Amir Wong";"Dean S. Karlan"
"Amos Huff";"Eschbacher Engineering"
"Amos Huff";"Tumbleweed Texas"
"Amos Mendoza";"Hailey's"
"Amos Mendoza";"Main Street Station"
"Amos Mendoza";"Wolfpack Ventures Inc"
"Anastasia Dickson";"Call Of The Wild"
"Anastasia Dickson";"O'Kelly's Sports Bar & Grill"
"Andrew Osborne";"Next"
"Andrew Osborne";"Barn"
"Angela Anderson";"Central Bar"
"Angela Anderson";"Headliners Music Hall"
"Angela Anderson";"Twenty-Two 18 Restaurant & Nig"
"Anne Frank";"Luna Sea"
"Anne Frank";"Entourage Night Club"
"Anne Hinton";"Centre Point Bar & Grill"
"Anne Hinton";"Cheers Wine & Spirits"
"Anne Koch";"Fran's Place Inc"
"Anne Koch";"Laughing Out Loud Productions"
"Anne Koch";"Snail Beer"
"Anne Koch";"Checkered Flag Sports Bar"
"Anne Vance";"Kyle Johnson"
"Anne Vance";"O'Kelly's Sports Bar & Grill"
"Anthony Rush";"Black Sheep"
"Aphrodite Avery";"Improv Comedy Club"
"Aphrodite Finley";"Eddy's Sports Pub"
"Aphrodite Finley";"Sam's Place"
"April Pratt";"Cove Bar & Grill"
"Aquila Graham";"Carriage Inn"
"Aquila Guthrie";"Trophy's Sports Bar & Family"
"Ariana Johnson";"Elite Home Medical Supply"
"Ariel Dorsey";"Ramrod Fort Lauderdale"
"Aristotle Berry";"Nantucket Wine & Spirits"
"Aristotle Berry";"Winking Lizard Inc"
"Ashely Irwin";"Branch Night Club"
"Ashely Irwin";"Entourage Night Club"
"Ashton Randolph";"Party & Banquet Info"
"Ashton Randolph";"Sand Bar & Grill"
"Aspen Brennan";"Lenny's Bar & Grill"
"Astra Morgan";"Brass Key"
"Aubrey Douglas";"Vickery's Bar & Grill"
"Audrey Juarez";"Young's"
"August Battle";"Alligator Bayou Bar"
"August Battle";"City View Tavern"
"August Battle";"Hoovers Pub & Grill"
"August Battle";"Tags"
"August Battle";"The World Wide Wine Tour"
"August Battle";"Top Of The Line"
"Aurelia Hancock";"Post Office Cafe"
"Aurelia Hancock";"Wish's Club"
"Austin Kirby";"Broadway Sports Bar Grill"
"Austin Kirby";"Cove Bar & Grill"
"Austin Kirby";"Sky Bar"
"Avram Dorsey";"Brass Key"
"Avram Dorsey";"Nemo's Sports Cafe"
"Avram Griffin";"Clark Street Ale House"
"Avram Griffin";"Club Orleans"
"Axel Maynard";"Union Street Station"
"Axel Maynard";"Cactus Jacks Tavern"
"Barbara Cohen";"Kelly's Westport Inn"
"Basia House";"Silver Dollar"
"Basia Weiss";"Driftwood Inn"
"Basia Weiss";"Hoops"
"Basia Weiss";"Zanies Comedy Night Club"
"Basia Weiss";"Bakers Keyboard Lounge"
"Basia Weiss";"Clark Street Ale House"
"Basil Henson";"21 Rock"
"Baxter Potter";"BEER"
"Baxter Potter";"Jukebox"
"Baxter Potter";"White Horse Tavern"
"Beatrice Browning";"George's Union Station"
"Beatrice Browning";"Thinking Man Tavern"
"Beau Davidson";"Bayou Bar & Grill"
"Beau Davidson";"Capn's Catering Llc"
"Beck Gilbert";"Bracken's Pub"
"Beck Gilbert";"Cheers Wine & Spirits"
"Beck Gilbert";"Edmond Mukamal D.d.s"
"Beck Hunter";"Jukebox"
"Beck Hunter";"Pilsen Klub"
"Belle Walsh";"Bracken's Pub"
"Belle Walsh";"21 Rock"
"Belle Walsh";"Cheers Wine & Spirits"
"Benedict Marquez";"Niko's Lodge Bar & Grill"
"Benedict Stewart";"Water Tank"
"Benjamin Stout";"Terry's State Saloon"
"Benjamin Whitley";"Evolutions"
"Benjamin Whitley";"Sky Bar"
"Bernard Little";"Kelly's Irish Saloon"
"Bernard Little";"Main Street Station"
"Bethany Emerson";"Wolfpack Ventures Inc"
"Bethany Emerson";"Kelly's Irish Saloon"
"Bethany Emerson";"Main Street Station"
"Bethany Oneal";"Broadway Sports Bar Grill"
"Bethany Sheppard";"Games"
"Bevis Mcfadden";"Brackins"
"Bevis Mcfadden";"Freddie's"
"Bevis Mcfadden";"This Little Piggi Co."
"Bevis William";"Nicky Blaine's"
"Bianca Montgomery";"Bourbon Street Pub"
"Bianca Montgomery";"Three Son's Italian Restaurant"
"Blaine Howe";"Madame Oar's"
"Blaine Rocha";"Phoenix Bar"
"Blair Bean";"Rocky & J D's Tavern"
"Blair Bean";"The Brewery"
"Blair Hunt";"Agatesupermicro"
"Blair Hunt";"Funny Farm"
"Blaze Chen";"Dean S. Karlan"
"Blaze Chen";"Bavarian Beer Nuts"
"Blaze Wise";"Winking Lizard Inc"
"Blossom Hill";"Winking Lizzard Tavern"
"Bo Deleon";"Deja Vu Ii"
"Bo Deleon";"Mill"
"Bo Deleon";"Party & Banquet Info"
"Bo Deleon";"Sand Bar & Grill"
"Boris Donaldson";"Just One More"
"Boris Donaldson";"Last Great Watering Hole"
"Boris Donaldson";"Partners"
"Bradley Reese";"Eddie C's Pub & Billiards"
"Bradley Reese";"Terry's State Saloon"
"Brandon Bird";"Cactus Jacks Tavern"
"Brandon Bird";"Charlie Goodnight's Restaurant"
"Brandon Bird";"Union Street Station"
"Brandon Gates";"Rocky & J D's Tavern"
"Brandon Gates";"The Brewery"
"Brandon Mosley";"Bishops Pub & Grill"
"Breanna Mcintyre";"Thinking Man Tavern"
"Brenda Aguilar";"Burnt Creek Club"
"Brenda Aguilar";"Crystal Room"
"Brenden Meyers";"Comedy Sportz"
"Brenden Meyers";"Keegan's Pub"
"Brenden Meyers";"Mail Box"
"Brenden Meyers";"Purple Martini DTC"
"Brenden Meyers";"Ramrod Fort Lauderdale"
"Brenna Keller";"Continental"
"Brenna Keller";"Outlaw Saloon"
"Brent Mayo";"Lodge Management Corporation"
"Brett Lewis";"Pocono Pub"
"Brett Lewis";"Wish's Club"
"Brett Lewis";"Club Salsa Oko"
"Brianna Mccullough";"Terry's State Saloon"
"Brianna Mccullough";"Trophy's Sports Bar & Family"
"Brianna Shepard";"Alligator Bayou Bar"
"Brianna Shepard";"Tags"
"Briar Mcconnell";"LAS VEGAS BAR LIQUOR"
"Briar Weeks";"Legends Patio Bar & Grille"
"Briar Weeks";"Burnt Creek Club"
"Britanney Bishop";"Trophy's Sports Bar & Family"
"Britanney Bishop";"Thinking Man Tavern"
"Brittany Ellis";"Burnt Creek Club"
"Brittany Ellis";"Crystal Room"
"Brittany Ellis";"Nyclubscene.com"
"Brittany Ellis";"Thirsty Camel Saloon"
"Brittany Gray";"Matilda"
"Brittany Gray";"Tequila Chica's"
"Brittany Gray";"Foundry"
"Brody Jennings";"Leather & Lace"
"Brody Jennings";"Rhino's Sports & Spirits"
"Brody Jennings";"Brewery"
"Brody Jennings";"Roadkill Bar & Grille"
"Brody Townsend";"Wish's Club"
"Brody Townsend";"Pocono Pub"
"Brooke Hernandez";"Trophy's Sports Bar & Family"
"Bruno Bailey";"Kelly's Irish Saloon"
"Bruno Haynes";"Hailey's"
"Bruno Haynes";"Mad Hatter"
"Bruno Haynes";"Stubbie Shirt Pub"
"Brynn Beck";"Bar Louie Denver"
"Brynn Dodson";"Coconutz"
"Brynn Dodson";"Fitz' Bar & Grill"
"Brynn Dodson";"Gunsmoke Saloon"
"Brynn Dodson";"Roomers"
"Brynne Camacho";"Sky Bar"
"Buckminster Brock";"T J's"
"Buckminster Brock";"Amf Seaway Lanes"
"Buffy Baird";"Crystal Room"
"Buffy Baird";"Nyclubscene.com"
"Burke Schroeder";"Dean S. Karlan"
"Byron Barker";"Triple Crown"
"Byron Fox";"Gators Plaza Cafe"
"Byron Fox";"Kelly's Tavern"
"Byron Fox";"The Johnson Beer Company"
"Cadman Cannon";"BUCKEYE TAVERN"
"Cadman Cannon";"Elizabeth Delisser"
"Cadman Cannon";"Froggy Bottomz"
"Cadman Castillo";"Hye Bar"
"Cadman Castillo";"Westfair Communications Inc"
"Cadman Owens";"Games"
"Cadman Strong";"Bubba's"
"Caesar Fox";"Emerald City Of Pensacola Inc"
"Caesar Holloway";"Games"
"Cairo Peterson";"LAS VEGAS BAR LIQUOR"
"Caldwell Garrison";"Foundry"
"Caldwell Garrison";"Bunk House"
"Callie Dejesus";"Burnt Creek Club"
"Calvin Herring";"Winking Lizzard Tavern"
"Camden Ingram";"Nemo's Sports Cafe"
"Camden Ingram";"Pub 44"
"Camden Ingram";"Fiddler's Inn"
"Camden Meyer";"Allie's"
"Cameran Elliott";"Decades"
"Cameran Elliott";"Silver Dollar"
"Cameron Walsh";"Partners"
"Cameron Walsh";"Branch"
"Cameron Walsh";"Last Great Watering Hole"
"Cameron Walsh";"Tumbleweeds"
"Camilla Chaney";"Jukebox"
"Camilla Marsh";"Big Chill"
"Camilla Marsh";"Ed's Tavern"
"Candace Sparks";"Barn"
"Candace Sparks";"Winking Lizard Inc"
"Candace Watkins";"Fiddler's Inn"
"Candace Watkins";"Pub 44"
"Candice Farrell";"Alligator Bayou Bar"
"Candice Farrell";"Hoovers Pub & Grill"
"Candice Farrell";"Top Of The Line"
"Candice Farrell";"Cabin"
"Candice Pope";"Terry's State Saloon"
"Candice Pope";"Thinking Man Tavern"
"Cara Bates";"Store"
"Cara Bates";"Julie's"
"Carl Austin";"Fast Eddy's"
"Carlos Pace";"Twenty-Two 18 Restaurant & Nig"
"Carlos Pace";"Colonial Inn"
"Carlos Pace";"Jack's Tavern"
"Carolyn Battle";"Pilsen Klub"
"Carolyn Battle";"White Horse Tavern"
"Carolyn Battle";"Luna Sea"
"Carolyn Blevins";"Top Rail Ballroom"
"Carter Rivera";"Brownie's"
"Carter Rivera";"Bishops Pub & Grill"
"Carter Rivera";"Sportsman Inn"
"Cassandra Howard";"Ed's Tavern"
"Cassandra Sullivan";"Black Sheep"
"Cassandra Sullivan";"Wish's Club"
"Cassidy Leonard";"Charlie Goodnight's Restaurant"
"Cassidy Leonard";"Tasty World"
"Cassidy Leonard";"Kickers Country Club"
"Cassidy Leonard";"Mississippi Nights"
"Castor Strickland";"Keller International Pubg LLC"
"Castor Strickland";"Ranch House"
"Castor Strickland";"Fitz' Bar & Grill"
"Castor Strickland";"Roomers"
"Castor Strickland";"Western Bar & Cafe"
"Cathleen Day";"Freddie's"
"Cathleen Day";"Two Bucks Saloon"
"Cedric Cook";"Fred's Bar & Grill"
"Cedric Cook";"Nothin Fancy Bar & Grill"
"Cedric Cook";"Fergie's Pub"
"Celeste Weaver";"Brass Key"
"Chadwick Alexander";"Two Bucks Saloon"
"Chaim Velasquez";"Freddie's"
"Chaim Velasquez";"Fujioka's Wine & Spirits; LLC"
"Chaim Velasquez";"This Little Piggi Co."
"Chaim Velasquez";"Two Bucks Saloon"
"Chancellor Cameron";"The Harp And Shamrock Tavern"
"Chaney Wright";"Highdive"
"Chaney Wright";"Jack's Tavern"
"Charde Glenn";"Black Sheep"
"Charde Glenn";"Rizzuto & CO Inc"
"Charity Holden";"Lydia's"
"Charity Mueller";"Big Chill"
"Charity Mueller";"Pour House Pub"
"Charity Mueller";"Rocky & J D's Tavern"
"Charles Hughes";"Dean S. Karlan"
"Charles Mullen";"Broadway Regency Restaurant"
"Charlotte Carter";"Broadway Regency Restaurant"
"Charlotte David";"Fitz' Bar & Grill"
"Charlotte David";"Ranch House"
"Cheryl Barrera";"Branch Night Club"
"Cheryl Barrera";"Elite Home Medical Supply"
"Cheryl Barrera";"Entourage Night Club"
"Cheryl Barrera";"Pilsen Klub"
"Cheryl Dominguez";"Sportsman Inn"
"Chester Mcfadden";"Stillwaters Inc"
"Chiquita Ayala";"Foundry"
"Chiquita Mckee";"Fran's Place Inc"
"Chiquita Mckee";"Sam's Place"
"Chiquita Mckee";"Laughing Out Loud Productions"
"Chiquita Mckee";"Snail Beer"
"Chiquita Mckee";"Webster Hall"
"Chloe Cunningham";"Chet's Place"
"Chloe Cunningham";"One More Time"
"Chloe Cunningham";"Billabongpub"
"Christen Page";"Capn's Catering Llc"
"Christen Page";"Hell's Kitchen Lounge"
"Christen Page";"Sand Bar & Grill"
"Christine Duffy";"Driftwood Inn"
"Christine Duffy";"HUGOS FROG BAR"
"Christine Duffy";"Jesus Our Savior"
"Christine Duffy";"Club Orleans"
"Ciara Steele";"Main Street Station"
"Clare Barry";"Woody's Bar & Grill"
"Clare Montgomery";"Mason's Cocktail Lounge"
"Clare Montgomery";"This Little Piggi Co."
"Clare Montgomery";"Andrew Blairs Llc"
"Clare Pruitt";"Lodge Management Corporation"
"Clare Pruitt";"Nantucket Wine & Spirits"
"Clarke Baxter";"Billabongpub"
"Clarke Baxter";"Chet's Place"
"Clarke Baxter";"Cochran Keating"
"Clarke Roberts";"Comedy Cellar"
"Clayton Luna";"Bayou Bar & Grill"
"Clayton Luna";"Hell's Kitchen Lounge"
"Clementine Castillo";"Kelly's Tavern"
"Clementine Conley";"Wish's Club"
"Clementine Griffin";"Centre Point Bar & Grill"
"Clio Cross";"Checkered Flag Sports Bar"
"Clio Cross";"Brookhaven White Collar Unit"
"Clio Cross";"Eddy's Sports Pub"
"Clio Cross";"Sam's Place"
"Coby Barrera";"Kelly's Westport Inn"
"Coby Barrera";"Nightmoves"
"Coby Barrera";"Schooner Inc"
"Cody Goodwin";"Allie's"
"Cody Goodwin";"Jack's Tavern"
"Cody James";"Webster Hall"
"Cody James";"Paddy O'Neill's"
"Cole Mccullough";"This Little Piggi Co."
"Cole Mullins";"Froggy Bottomz"
"Cole Mullins";"Elizabeth Delisser"
"Colin Bond";"Kitchen K"
"Colin Bond";"Lsg Sky Chefs"
"Colin Bond";"Campus Inn"
"Colin Bond";"Platte River Bar & Grill"
"Colin Koch";"Kyle Johnson"
"Colin Koch";"Call Of The Wild"
"Colt Christian";"Brookhaven White Collar Unit"
"Colt Christian";"Checkered Flag Sports Bar"
"Colt Christian";"Eddy's Sports Pub"
"Colt Christian";"Paddy O'Neill's"
"Connor Holland";"Broadway Regency Restaurant"
"Courtney Dickerson";"Dean S. Karlan"
"Courtney Dickerson";"The Wine Shop"
"Craig Ford";"BUCKEYE TAVERN"
"Craig Ford";"Puck Restaurant & Sports Bar"
"Craig Ford";"Jungle"
"Cullen Bradford";"Pocono Pub"
"Curran Massey";"Party & Banquet Info"
"Curran Massey";"Bayou Bar & Grill"
"Curran Massey";"Sand Bar & Grill"
"Curran Padilla";"Boss"
"Curran Padilla";"Kelly's Tavern"
"Curran Padilla";"Nothin Fancy Bar & Grill"
"Curran Padilla";"The Johnson Beer Company"
"Curran Rush";"Broadway Sports Bar Grill"
"Curran Rush";"Cove Bar & Grill"
"Cynthia Welch";"Char's Has The Blues"
"Cyrus Cabrera";"Cabaret West Glen"
"Cyrus Cabrera";"Phoenix Bar"
"Cyrus Francis";"Colonial Inn"
"Cyrus Francis";"Highdive"
"Cyrus Francis";"Wilhagan's"
"Cyrus Francis";"Central Bar"
"Cyrus Francis";"Club"
"Dacey Cervantes";"Southside Ale House & Raw Bar"
"Dacey Cervantes";"Boss"
"Dacey Silva";"Boss"
"Damian Holder";"Pour House Pub"
"Damian Holder";"The Brewery"
"Damian Holder";"Rocky & J D's Tavern"
"Damon Huffman";"Bull Pen Bar"
"Damon Huffman";"Char's Has The Blues"
"Damon Huffman";"Spirits Nightclub"
"Damon Stephens";"Lamplighter Inn"
"Damon Stephens";"Dean S. Karlan"
"Damon Stephens";"Gunsmoke Saloon"
"Dana Gomez";"Eddy's Sports Pub"
"Dana Gomez";"Sam's Place"
"Dana Gomez";"Webster Hall"
"Dana Rodriquez";"Broadway Regency Restaurant"
"Danielle Carson";"Bracken's Pub"
"Danielle Carson";"Cheers Wine & Spirits"
"Danielle Welch";"Continental"
"Danielle Welch";"Bubba's"
"Danielle Welch";"LAS VEGAS BAR LIQUOR"
"Danielle Welch";"Platinum"
"Danielle Wilkinson";"Catwalk"
"Danielle Wilkinson";"Time Out Bar & Grill"
"Danielle Wilkinson";"Giada's"
"Dante Bird";"Barn"
"Daphne Ford";"Broadway Regency Restaurant"
"Daphne Ford";"Improv Asylum"
"Daphne Ford";"Winking Lizzard Tavern"
"Daphne Ford";"Rusty Spur Saloon"
"Daphne Ford";"Tumbleweed Texas"
"Daquan Mccoy";"Nec Leo Morbi Ltd"
"Daquan Steele";"Bishops Pub & Grill"
"Daquan Steele";"Brownie's"
"Daquan Steele";"New West"
"Daquan Steele";"Sportsman Inn"
"Daquan Steele";"Nicky Blaine's"
"Darryl Moon";"Espinos Mexican Bar & Grill"
"Darryl Moon";"Mike & C's Family Sports Grill"
"Darryl Moon";"Roadkill Bar & Grille"
"Darryl Moon";"Whiskey Junction"
"Dawn Daniel";"Tumbleweed Texas"
"Dawn Daniel";"Griffin's Sports Bar & Grill"
"Dawn Gonzales";"The Brewery"
"Dawn Gonzales";"Big Chill"
"Deacon Fox";"Canal Street Tavern"
"Deacon Fox";"Industry Bar Code Alliance"
"Deborah Cline";"City View Tavern"
"Deborah Cline";"Tags"
"Debra Lindsey";"Next"
"Debra Lindsey";"Winking Lizard Inc"
"Deirdre Wilson";"Billabongpub"
"Deirdre Wilson";"One More Time"
"Delilah Bean";"Bracken's Pub"
"Delilah Hogan";"Fitz' Bar & Grill"
"Delilah Hogan";"Coconutz"
"Delilah Hogan";"Gunsmoke Saloon"
"Delilah Hogan";"Ranch House"
"Demetria Boone";"Gators Plaza Cafe"
"Demetria Boone";"Fitzgerald's Night Club"
"Demetria Boone";"Fred's Bar & Grill"
"Demetria Boone";"Kelly's Tavern"
"Demetria Delacruz";"Colonial Inn"
"Demetria House";"Hailey's"
"Demetrius Sutton";"Eddie C's Pub & Billiards"
"Demetrius Thompson";"Club Salsa Oko"
"Demetrius Thornton";"Planet Pocono"
"Denton Jarvis";"Brackins"
"Denton Jarvis";"Fujioka's Wine & Spirits; LLC"
"Denton Jarvis";"Mason's Cocktail Lounge"
"Denton Wright";"Coconutz"
"Derek Melendez";"Bourbon Street Pub"
"Derek Melendez";"Kalahari Bar"
"Derek Melendez";"Chotard Recreation"
"Derek Melendez";"Dogpatch Tavern"
"Derek Melendez";"Improv Comedy Club"
"Devin Rodriguez";"Nec Leo Morbi Ltd"
"Dexter Clayton";"City View Tavern"
"Dexter Clayton";"Top Of The Line"
"Dexter Collier";"Bishops Pub & Grill"
"Dexter Collier";"New West"
"Dexter Collier";"Sportsman Inn"
"Dexter Collier";"Decades"
"Diana Lott";"Mad Hatter"
"Diana Lott";"Hailey's"
"Dieter Newton";"Stubbie Shirt Pub"
"Dieter Newton";"Shai"
"Dillon Skinner";"Two Bucks Saloon"
"Dolan Nixon";"Bishops Pub & Grill"
"Dolan Nixon";"Brownie's"
"Dominique Holman";"Corner Pub"
"Dominique Holman";"Stage One"
"Dominique Holman";"Time Out Bar & Grill"
"Donna Fisher";"Crystal Room"
"Donna Fisher";"Kyle Johnson"
"Donna Fisher";"O'Kelly's Sports Bar & Grill"
"Donovan Love";"Bayou Bar & Grill"
"Donovan Love";"Live On North"
"Dora Duke";"Peabody's Concert Club"
"Dora Duke";"Beach House"
"Dora Roberts";"Fionn Mac Cool's Irish Pub"
"Dora Roberts";"Miyagi Sushi Bar & Grill"
"Dora Santos";"Games"
"Dorian Wright";"Continental"
"Doris Beach";"Central Bar"
"Doris Beach";"Julie's"
"Doris Beach";"Club"
"Doris Beach";"Colonial Inn"
"Doris Beach";"Jack's Tavern"
"Doris Beach";"Store"
"Doris Sharp";"Cactus Jacks Tavern"
"Doris Sharp";"SCENTSATIONAL SALOON"
"Doris Sharp";"Tasty World"
"Doris Sharp";"Charlie Goodnight's Restaurant"
"Dorothy Delacruz";"Bar Louie Denver"
"Dorothy Delacruz";"County Line Pub"
"Dorothy Delacruz";"This Little Piggi Co."
"Driscoll Bean";"Pam's Place Bar & Grill"
"Driscoll Bean";"Show N Tail"
"Driscoll Bean";"Strokers Club"
"Duncan Bryan";"Coconutz"
"Duncan Bryan";"Western Bar & Cafe"
"Duncan Burns";"H2O & Water Bar Lounge"
"Duncan Burns";"Stone Church"
"Dustin Guerra";"Cabin"
"Dustin Guerra";"The World Wide Wine Tour"
"Dustin Guerra";"Hoovers Pub & Grill"
"Eaton Rose";"Mill"
"Ebony Stout";"Industry Bar Code Alliance"
"Eden Chapman";"Fran's Place Inc"
"Eleanor Nixon";"Eddie C's Pub & Billiards"
"Eleanor Nixon";"Terry's State Saloon"
"Elizabeth Brooks";"Bishops Pub & Grill"
"Elizabeth Brooks";"Brownie's"
"Elizabeth Brooks";"New West"
"Elliott Soto";"Oxford's Cafe & Pub"
"Emerald Peters";"Other Side"
"Emery Porter";"Stillwaters Inc"
"Emma Brennan";"Woody's Bar & Grill"
"Emma Brennan";"BEER"
"Emma Brennan";"Pilsen Klub"
"Emmanuel Randolph";"Carriage Inn"
"Eric Campos";"Vickery's Bar & Grill"
"Eric Campos";"Young's"
"Erich Jordan";"Midway Inn"
"Erich Walters";"Billy Goat Tavern"
"Erich Walters";"Ugly Dog Saloon"
"Ethan Nieves";"Bar Louie Denver"
"Ethan Rush";"Wish's Club"
"Ethan Rush";"Blue Moon Lounge"
"Ethan Rush";"Club Salsa Oko"
"Eugenia Villarreal";"Brewery"
"Eugenia Villarreal";"Casa Nova Bar"
"Evangeline Gutierrez";"Nantucket Wine & Spirits"
"Evangeline Gutierrez";"Next"
"Evelyn Cortez";"Billabongpub"
"Evelyn Cortez";"Comedy Cellar"
"Evelyn Mcmahon";"Cup O' Joe-Short North"
"Evelyn Mcmahon";"Just One More"
"Ezekiel Sherman";"Party & Banquet Info"
"Ezekiel Sherman";"Hell's Kitchen Lounge"
"Ezekiel Sherman";"Live On North"
"Ezra Tucker";"Brookhaven White Collar Unit"
"Ezra Tucker";"Checkered Flag Sports Bar"
"Faith Wheeler";"War Eagle Supper Club"
"Farrah Nixon";"Terry's State Saloon"
"Farrah Nixon";"Trophy's Sports Bar & Family"
"Farrah Pace";"The Harp And Shamrock Tavern"
"Fatima Osborne";"Top Of The Line"
"Felicia Kline";"Billy Goat Tavern"
"Felix Serrano";"Carriage Inn"
"Felix Serrano";"Fionn Mac Cool's Irish Pub"
"Felix Serrano";"Madame Oar's"
"Ferdinand Mercer";"Rizzuto & CO Inc"
"Ferdinand Mercer";"Wish's Club"
"Ferris Faulkner";"LAS VEGAS BAR LIQUOR"
"Ferris Raymond";"Cup O' Joe-Short North"
"Ferris Raymond";"Novak's Bar & Grill"
"Fiona Lopez";"Eddie C's Pub & Billiards"
"Fiona Lopez";"George's Union Station"
"Fitzgerald Gibson";"Cup O' Joe-Short North"
"Fitzgerald Gibson";"Poker Pub"
"Fitzgerald Gibson";"Novak's Bar & Grill"
"Fleur Colon";"LAS VEGAS BAR LIQUOR"
"Fleur Rose";"Comedy Cellar"
"Fleur Rose";"One More Time"
"Fleur Rose";"Mc Crossen's Tavern"
"Forrest Padilla";"Bubba's"
"Frances Vega";"Main Street Station"
"Fredericka Joyce";"Catwalk"
"Fredericka Joyce";"Dark Horse Tavern"
"Fredericka Joyce";"Giada's"
"Gage Cain";"Thinking Man Tavern"
"Gage Cannon";"Hye Bar"
"Gage Cannon";"Kitchen K"
"Gage Cannon";"Westfair Communications Inc"
"Gage Cannon";"Diamond Jim's"
"Gail Randall";"Bubba's"
"Gail Randall";"Platinum"
"Gail Walter";"Winking Lizzard Tavern"
"Gail Walter";"Eschbacher Engineering"
"Gail Walter";"Tumbleweed Texas"
"Gannon Cobb";"Emerald City Of Pensacola Inc"
"Gannon Cobb";"Pilsen Klub"
"Gareth Burch";"Cup O' Joe-Short North"
"Gareth Burch";"Partners"
"Gareth Burch";"Poker Pub"
"Gareth Burns";"Vickery's Bar & Grill"
"Gareth Burns";"Young's"
"Gareth Gamble";"Brewery"
"Gareth Gamble";"Rhino's Sports & Spirits"
"Gavin Harmon";"Giada's"
"Gavin Harmon";"Blue Water Inn"
"Gavin Harmon";"Corner Pub"
"Gavin Harmon";"Dark Horse Tavern"
"Gavin Torres";"Canal Street Tavern"
"Gavin Torres";"Mail Box"
"Gavin Torres";"Ramrod Fort Lauderdale"
"Gay Mcgee";"Fran's Place Inc"
"Gay Mcgee";"Centennial Fine Wine Amp Spirits"
"Geoffrey Becker";"Canal Street Tavern"
"Geoffrey Becker";"Industry Bar Code Alliance"
"Geoffrey Becker";"Rapid Roof Systems"
"George Crane";"Hoovers Pub & Grill"
"George Levy";"Driftwood Inn"
"Geraldine Waters";"Legends Patio Bar & Grille"
"Geraldine Waters";"Kyle Johnson"
"Germaine Nash";"Branch"
"Germaine Nash";"Last Great Watering Hole"
"Germaine Nash";"Novak's Bar & Grill"
"Germaine Nash";"Poker Pub"
"Germaine Nash";"Partners"
"Gil Hess";"Dogpatch Tavern"
"Gil Hess";"B B King Blues Club"
"Gil Marshall";"Billy Goat Tavern"
"Gillian Lott";"Nantucket Wine & Spirits"
"Gillian Lott";"Winking Lizard Inc"
"Ginger Peterson";"Last Great Watering Hole"
"Ginger Peterson";"Adonis"
"Ginger Peterson";"Branch"
"Ginger Peterson";"Cup O' Joe-Short North"
"Giselle Winters";"Brass Key"
"Giselle Winters";"Nemo's Sports Cafe"
"Giselle Winters";"Nec Leo Morbi Ltd"
"Grady Duffy";"Brass Key"
"Grady Duffy";"Nec Leo Morbi Ltd"
"Graham Rutledge";"Madame Oar's"
"Graiden Franklin";"Highdive"
"Grant French";"Corner Pub"
"Grant French";"Jazid"
"Grant French";"The Ancient Egyptian Society"
"Grant Logan";"Young's"
"Gregory Hendricks";"Phoenix Bar"
"Gregory Nash";"Club Boi"
"Gregory Nash";"Giada's"
"Gregory Nash";"Time Out Bar & Grill"
"Gregory Nash";"Ginger Man"
"Gretchen Henson";"Broadway Regency Restaurant"
"Griffin Hammond";"Planet Pocono"
"Griffin Pitts";"Partners"
"Griffin Pitts";"Tumbleweeds"
"Griffin Pitts";"Novak's Bar & Grill"
"Guy Barrera";"Continental"
"Guy Barrera";"LAS VEGAS BAR LIQUOR"
"Guy Barrera";"Outlaw Saloon"
"Guy Cantrell";"Cabaret West Glen"
"Guy Duffy";"Diamond Jim's"
"Guy Duffy";"Loki Lounge"
"Guy Duffy";"Westfair Communications Inc"
"Guy Pratt";"Catwalk"
"Gwendolyn Trevino";"Eddie C's Pub & Billiards"
"Gwendolyn Trevino";"Trophy's Sports Bar & Family"
"Hadley Wright";"Casa Nova Bar"
"Hadley Wright";"Mike & C's Family Sports Grill"
"Hadley Wright";"Roadkill Bar & Grille"
"Hadley Wright";"Brewery"
"Halee Benson";"Thirsty Camel Saloon"
"Haley Hensley";"Crystal Room"
"Haley Hensley";"Kyle Johnson"
"Haley Mcmillan";"Char's Has The Blues"
"Hamilton Clay";"Broadway Sports Bar Grill"
"Hamilton Clay";"Cove Bar & Grill"
"Hamilton Clay";"Sky Bar"
"Hanna Langley";"Winking Lizard Inc"
"Hanna Mason";"Jungle"
"Hanna Summers";"GREAT TREATS INC Dba MULLENS DAIRY BAR"
"Hanna Summers";"Midway Inn"
"Hanna Summers";"War Eagle Supper Club"
"Hannah Carroll";"Improv Comedy Club"
"Hannah Carroll";"B B King Blues Club"
"Hannah Carroll";"Dogpatch Tavern"
"Harding Yang";"Evolutions"
"Harding Yang";"Cove Bar & Grill"
"Harlan Benjamin";"Ed's Tavern"
"Harlan Benjamin";"Kamron Kirkconnell"
"Harlan Benjamin";"Chippendales Entertainment"
"Harlan Benjamin";"Rocky & J D's Tavern"
"Harlan Gay";"Decades"
"Harlan Kline";"Oxford's Cafe & Pub"
"Harlan Kline";"Stillwaters Inc"
"Harriet Higgins";"Elite Home Medical Supply"
"Harriet Higgins";"White Horse Tavern"
"Harriet Sharpe";"Jack's Tavern"
"Harriet Sharpe";"My Office Bar & Grill"
"Harriet Sharpe";"Allie's"
"Harriet Sharpe";"Highdive"
"Harrison Walters";"Pour House Pub"
"Hasad Kirk";"Nightmoves"
"Hasad Kirk";"Char's Has The Blues"
"Hasad Kirk";"Kelly's Westport Inn"
"Hayden Wong";"Cheers Wine & Spirits"
"Hayes Crosby";"Carriage Inn"
"Hayes Crosby";"Fionn Mac Cool's Irish Pub"
"Hayes Dennis";"Bubba's"
"Hayes Graves";"Nicky Blaine's"
"Hayes Graves";"Silver Dollar"
"Hayfa Lucas";"Four Seasons Wine & Liquor"
"Hayfa Lucas";"Show N Tail"
"Hayley Mcdonald";"East Atlanta Restaurant & Lng"
"Hayley Morse";"Agatesupermicro"
"Hayley Morse";"Stone Church"
"Heather Sexton";"Nothin Fancy Bar & Grill"
"Heather Sexton";"Boss"
"Heather Sexton";"Fergie's Pub"
"Heather Sexton";"Fitzgerald's Night Club"
"Heather Sexton";"Fred's Bar & Grill"
"Heather Sexton";"Gators Plaza Cafe"
"Heather Sexton";"Kelly's Tavern"
"Heather Wells";"Stillwaters Inc"
"Hedy Olsen";"Games"
"Heidi Kirk";"Black Sheep"
"Henry Nielsen";"Madame Oar's"
"Henry Nielsen";"Billy Goat Tavern"
"Henry Nielsen";"Fionn Mac Cool's Irish Pub"
"Herrod Baxter";"Branch Night Club"
"Herrod Baxter";"Woody's Bar & Grill"
"Herrod Osborn";"Dogpatch Tavern"
"Herrod Osborn";"Improv Comedy Club"
"Herrod Rodriguez";"Games"
"Hilary Kramer";"Adonis"
"Hilary Kramer";"Just One More"
"Hilary Kramer";"Poker Pub"
"Hillary Knox";"Julie's"
"Hillary Knox";"Club"
"Hillary Knox";"Wilhagan's"
"Hiram Rodriquez";"Rizzuto & CO Inc"
"Hiroko Harmon";"Headliners Music Hall"
"Hiroko Harmon";"Store"
"Hiroko Harmon";"Jack's Tavern"
"Hiroko Harmon";"Twenty-Two 18 Restaurant & Nig"
"Hiroko Harmon";"Wilhagan's"
"Hollee Carpenter";"Eschbacher Engineering"
"Hollee Carpenter";"Improv Asylum"
"Hollee Carpenter";"Tumbleweed Texas"
"Hollee Duke";"Bar Louie Ann Arbor"
"Hollee Duke";"Four Seasons Wine & Liquor"
"Hollee Duke";"Pam's Place Bar & Grill"
"Hollee Duke";"Show N Tail"
"Hollee Duke";"Beach House"
"Holmes Barnes";"Evolutions"
"Hop Norris";"Spirits Nightclub"
"Howard Hodges";"Fiddler's Inn"
"Hoyt Baldwin";"Eddie C's Pub & Billiards"
"Hoyt Baldwin";"Terry's State Saloon"
"Hoyt Baldwin";"Trophy's Sports Bar & Family"
"Hoyt Michael";"Mike & C's Family Sports Grill"
"Hu Green";"Griffin's Sports Bar & Grill"
"Hu Green";"Improv Asylum"
"Hu Saunders";"Ed's Tavern"
"Hu Saunders";"Kamron Kirkconnell"
"Hunter Slater";"Lodge Management Corporation"
"Hunter Slater";"Nantucket Wine & Spirits"
"Hunter Slater";"Barn"
"Hunter Slater";"Next"
"Hunter Slater";"Winking Lizard Inc"
"Hunter Sloan";"Pocono Pub"
"Hunter Sloan";"Club Salsa Oko"
"Hunter Sloan";"Rizzuto & CO Inc"
"Idola Hall";"Roadkill Bar & Grille"
"Idola Hall";"Brewery"
"Ifeoma Rosa";"Brewery"
"Ifeoma Rosa";"Whiskey Junction"
"Ifeoma Rosa";"Mike & C's Family Sports Grill"
"Ignacia Trevino";"Chippendales Entertainment"
"Ignacia Trevino";"The Brewery"
"Igor Cook";"Wild Goose Bar & Grill"
"Igor Cook";"Kickers Country Club"
"Ila Chavez";"Silver Dollar"
"Iliana Koch";"Kitchen K"
"Iliana Koch";"Westfair Communications Inc"
"Illiana Coleman";"Bostock's Billiards & Bar"
"Illiana Coleman";"HUGOS FROG BAR"
"Ima Guzman";"Mike & C's Family Sports Grill"
"Imelda Perkins";"Other Side"
"Imelda Perkins";"Cabaret West Glen"
"Ina Macdonald";"Ginger Man"
"Ina Macdonald";"Corner Pub"
"Ina Spencer";"Strokers Club"
"India Sawyer";"Club Salsa Oko"
"India Sawyer";"Rizzuto & CO Inc"
"Inez Fry";"Checkered Flag Sports Bar"
"Inez Fry";"Eddy's Sports Pub"
"Inez Fry";"Fran's Place Inc"
"Inez Wilkinson";"Bar Louie Ann Arbor"
"Inez Wilkinson";"Pam's Place Bar & Grill"
"Ingrid Sears";"Emerald City Of Pensacola Inc"
"Ingrid Sears";"Entourage Night Club"
"Iona Mcfadden";"Clark Street Ale House"
"Iona Mcfadden";"HUGOS FROG BAR"
"Iona Mcfadden";"Hoops"
"Ira Lucas";"Diamond Jim's"
"Ira Lucas";"Loki Lounge"
"Ira Lucas";"Lsg Sky Chefs"
"Irene Vincent";"Stubbie Shirt Pub"
"Iris Watkins";"Keller International Pubg LLC"
"Iris Watkins";"Western Bar & Cafe"
"Iris Watkins";"Bavarian Beer Nuts"
"Iris Watkins";"The Wine Shop"
"Isaac Michael";"Big Chill"
"Isaac Michael";"Ed's Tavern"
"Isabella Becker";"Metro"
"Ishmael Hall";"Agatesupermicro"
"Ishmael Sandoval";"Broadway Regency Restaurant"
"Ishmael Sandoval";"Tumbleweed Texas"
"Jack George";"Bourbon Street Pub"
"Jack George";"Improv Comedy Club"
"Jack George";"Kalahari Bar"
"Jada Bernard";"Catwalk"
"Jada Bernard";"Club Boi"
"Jada Bernard";"Stage One"
"Jana Simon";"Brookhaven White Collar Unit"
"Jana Simon";"Fran's Place Inc"
"Jana Simon";"Snail Beer"
"Jaquelyn Vargas";"Barn"
"Jaquelyn Vargas";"Winking Lizard Inc"
"Jason Cusner";"Partners"
"Jasper Gonzales";"Chippendales Entertainment"
"Jasper Gonzales";"Pour House Pub"
"Jasper Gonzales";"The Brewery"
"Jasper Gonzales";"Big Chill"
"Jasper Jennings";"Central Bar"
"Jasper Jennings";"Jack's Tavern"
"Jasper Jennings";"Julie's"
"Jasper Mcmahon";"Alligator Bayou Bar"
"Jasper Puckett";"Next"
"Jasper Puckett";"Winking Lizard Inc"
"Jasper Puckett";"Lodge Management Corporation"
"Jasper Ray";"Stage One"
"Jeanette Levy";"Char's Has The Blues"
"Jelani Garner";"Bailey's Bistro"
"Jelani Rosales";"Oxford's Cafe & Pub"
"Jelani Rosales";"Triple Crown"
"Jennifer Juarez";"Planet Pocono"
"Jennifer Juarez";"Metro"
"Jeremy Booth";"Big Chill"
"Jeremy Booth";"Chippendales Entertainment"
"Jeremy Booth";"Kamron Kirkconnell"
"Jeremy Booth";"The Brewery"
"Jermaine Beard";"Highdive"
"Jerry Downs";"Roomers"
"Jessamine Kelley";"Stillwaters Inc"
"Jessamine Kelley";"Triple Crown"
"Jessamine Mcneil";"Broadway Regency Restaurant"
"Jessamine Mcneil";"Water Tank"
"Jesse Chandler";"Club Boi"
"Jesse Chandler";"Corner Pub"
"Jesse Chandler";"Ginger Man"
"Jesse Chandler";"Catwalk"
"Jesse Chandler";"Dark Horse Tavern"
"Jesse Chandler";"Giada's"
"Jesse Chandler";"Stage One"
"Jillian Rios";"Improv Asylum"
"Jillian Rios";"Griffin's Sports Bar & Grill"
"Jin Schroeder";"Pam's Place Bar & Grill"
"Jin Schroeder";"Show N Tail"
"Joel Hopkins";"Pocono Pub"
"Joel Hopkins";"Wish's Club"
"Jolie Aguilar";"Webster Hall"
"Jonah Ray";"This Little Piggi Co."
"Jordan Schmidt";"Catwalk"
"Jordan Schmidt";"Ginger Man"
"Jordan Schmidt";"Stage One"
"Jordan Schmidt";"Time Out Bar & Grill"
"Jorden Lynch";"Eschbacher Engineering"
"Joseph Hammond";"Niko's Lodge Bar & Grill"
"Josephine Hart";"Bubba's"
"Joshua Allison";"Eddie C's Pub & Billiards"
"Joshua Mullins";"Black Sheep"
"Joshua Mullins";"Club Salsa Oko"
"Josiah Merritt";"Broadway Sports Bar Grill"
"Joy Mckay";"Winking Lizard Inc"
"Joy Mckay";"Nantucket Wine & Spirits"
"Joy Sheppard";"Thinking Man Tavern"
"Joy Sheppard";"Eddie C's Pub & Billiards"
"Julie Craft";"21 Rock"
"Julie Craft";"Cheers Wine & Spirits"
"Julie Page";"Agatesupermicro"
"Julie Page";"Stone Church"
"Justin Sandoval";"Elizabeth Delisser"
"Justin Sandoval";"Puck Restaurant & Sports Bar"
"Justina Brennan";"Past Perfect"
"Justina Henderson";"LAS VEGAS BAR LIQUOR"
"Justina Henderson";"Platinum"
"Justina Hurley";"Andrew Blairs Llc"
"Justine Haney";"Griffin's Sports Bar & Grill"
"Justine Haney";"Tumbleweed Texas"
"Justine Haney";"Winking Lizzard Tavern"
"Kai Fields";"Games"
"Kamal Merritt";"Woody's Bar & Grill"
"Kamal Merritt";"Luna Sea"
"Kamal Merritt";"White Horse Tavern"
"Kane Nicholson";"Boss"
"Kane Nicholson";"Fitzgerald's Night Club"
"Kane Nicholson";"Nothin Fancy Bar & Grill"
"Kane Nicholson";"Top Rail Ballroom"
"Kareem Salas";"Brewery"
"Kareem Salas";"Leather & Lace"
"Kareem Salas";"Whiskey Junction"
"Karen Cantu";"Capn's Catering Llc"
"Karen Cantu";"Bayou Bar & Grill"
"Karen Fox";"Improv Asylum"
"Karen Fox";"Winking Lizzard Tavern"
"Karina Gilliam";"Driftwood Inn"
"Karina Gilliam";"Bakers Keyboard Lounge"
"Karleigh Walton";"Inn Zone"
"Karyn Hahn";"Eddie C's Pub & Billiards"
"Kasimir Mooney";"Lenny's Bar & Grill"
"Kasimir Mooney";"Mc Crossen's Tavern"
"Kasimir Mooney";"Comedy Cellar"
"Kasper Briggs";"Brownstone Lounge"
"Kasper Briggs";"Emerald City Of Pensacola Inc"
"Kasper Briggs";"Branch Night Club"
"Katell Rodriguez";"B B King Blues Club"
"Katell Rodriguez";"Kalahari Bar"
"Katell Rodriguez";"Dogpatch Tavern"
"Katelyn Eaton";"Time Out Bar & Grill"
"Katelyn Sparks";"Brownie's"
"Katelyn Sparks";"New West"
"Keefe Cooper";"Branch"
"Keefe Cooper";"Tumbleweeds"
"Keefe Cooper";"Poker Pub"
"Keefe Noel";"The Wine Shop"
"Keegan Gates";"Coconutz"
"Keelie Gibson";"Billy Goat Tavern"
"Keelie Gibson";"Highlander Cafe & Pub"
"Keelie Hess";"GREAT TREATS INC Dba MULLENS DAIRY BAR"
"Keelie Hess";"Bunk House"
"Keelie Reynolds";"Pour House Pub"
"Keith Odonnell";"Two Bucks Saloon"
"Keith Odonnell";"Brackins"
"Keith Odonnell";"Fujioka's Wine & Spirits; LLC"
"Kellie Howard";"Platinum"
"Kelly Hamilton";"Blue Moon Lounge"
"Kelly Hamilton";"Post Office Cafe"
"Kelsey Garza";"Agatesupermicro"
"Kelsey Garza";"Past Perfect"
"Kelsey Garza";"Stone Church"
"Kelsey Russell";"Post Office Cafe"
"Kelsey Russell";"Pocono Pub"
"Kendall Dotson";"Chippendales Entertainment"
"Kendall Dotson";"The Brewery"
"Kendall Nash";"Edmond Mukamal D.d.s"
"Kendall Nash";"Cheers Wine & Spirits"
"Kendall Nash";"Tropicana"
"Kendall Williams";"Agatesupermicro"
"Kennan Barrera";"Legends Patio Bar & Grille"
"Kennan Patterson";"Post Office Cafe"
"Kennan Patterson";"Pocono Pub"
"Kennan Pittman";"Billabongpub"
"Kennan Watkins";"Hell's Kitchen Lounge"
"Kennan Watkins";"Party & Banquet Info"
"Kennedy Maldonado";"Brass Key"
"Kennedy Maldonado";"Nec Leo Morbi Ltd"
"Kennedy Maldonado";"Nemo's Sports Cafe"
"Kennedy May";"Andrew Blairs Llc"
"Kennedy May";"County Line Pub"
"Kennedy May";"Freddie's"
"Kennedy May";"This Little Piggi Co."
"Kennedy Pennington";"Other Side"
"Kennedy Pennington";"Phoenix Bar"
"Kenneth Mays";"Blue Moon Lounge"
"Kenneth Mays";"Black Sheep"
"Kenneth Mays";"Pocono Pub"
"Kenneth Rush";"Midway Inn"
"Kenyon Neal";"Ranch House"
"Kenyon Neal";"Dean S. Karlan"
"Kenyon Neal";"Gunsmoke Saloon"
"Kermit Giles";"Bostock's Billiards & Bar"
"Kermit Giles";"Hangar 9"
"Kermit Giles";"Hoops"
"Kermit Pennington";"BEER"
"Kermit Pennington";"Branch Night Club"
"Kermit Pennington";"Entourage Night Club"
"Kerry Sanders";"Entourage Night Club"
"Kerry Sanders";"Pilsen Klub"
"Kerry Sanders";"White Horse Tavern"
"Kevin Whitfield";"Continental"
"Kevyn Roy";"Central Bar"
"Kevyn Roy";"Julie's"
"Kiara Rios";"Dogpatch Tavern"
"Kiara Rios";"Kalahari Bar"
"Kiara Rios";"Moody's"
"Kiayada Fulton";"Lsg Sky Chefs"
"Kieran Flowers";"Casa Nova Bar"
"Kieran Flowers";"Mike & C's Family Sports Grill"
"Kieran Flowers";"Rhino's Sports & Spirits"
"Kieran Flowers";"Espinos Mexican Bar & Grill"
"Kimberly Mccormick";"Indigo Joe's Sports Pub & Bar"
"Kimberly Simmons";"Jesus Our Savior"
"Kimberly Whitney";"Rhino's Sports & Spirits"
"Kimberly Whitney";"Casa Nova Bar"
"Kiona Ross";"Bar Louie Ann Arbor"
"Kiona Ross";"Beach House"
"Kiona Ross";"Strokers Club"
"Kirby Mcintyre";"Kelly's Irish Saloon"
"Kirby Mcintyre";"Wolfpack Ventures Inc"
"Kirby Mcintyre";"Shai"
"Kirestin Davis";"Bishops Pub & Grill"
"Kirestin Davis";"Brownie's"
"Kirestin Davis";"Nicky Blaine's"
"Kirestin Davis";"Silver Dollar"
"Kirestin Love";"Thirsty Camel Saloon"
"Kirestin Love";"Crystal Room"
"Kirestin Williamson";"Club"
"Kirk Foley";"Froggy Bottomz"
"Kirk Foley";"Jungle"
"Kirk Reyes";"Bleachers Inc"
"Knox Acevedo";"Whiskey Junction"
"Knox Hutchinson";"GREAT TREATS INC Dba MULLENS DAIRY BAR"
"Knox Hutchinson";"Midway Inn"
"Knox Hutchinson";"Tequila Chica's"
"Kuame Cummings";"Foundry"
"Kuame Cummings";"Matilda"
"Kuame Cummings";"Deviney's Iron Horse Pub"
"Kyla Fischer";"County Line Pub"
"Kyla Fischer";"Two Bucks Saloon"
"Kyla Wong";"Eddy's Sports Pub"
"Kyla Wong";"Paddy O'Neill's"
"Kyla Wong";"Sam's Place"
"Kyla Wong";"Webster Hall"
"Kyla Wong";"Checkered Flag Sports Bar"
"Kyla Wong";"Laughing Out Loud Productions"
"Kyle Barlow";"Amf Seaway Lanes"
"Kylynn Mccormick";"Cactus Jacks Tavern"
"Kylynn Mccormick";"SCENTSATIONAL SALOON"
"Kylynn Mccormick";"Union Street Station"
"Kyra Hurst";"Leather & Lace"
"Kyra Hurst";"Whiskey Junction"
"Lacey Wiley";"Paddy O'Neill's"
"Lacota Perry";"Hailey's"
"Lacota Perry";"Main Street Station"
"Lacota Perry";"Wolfpack Ventures Inc"
"Lacota Perry";"Shai"
"Lacota Perry";"Stubbie Shirt Pub"
"Lael Coleman";"Bostock's Billiards & Bar"
"Lael Coleman";"Clark Street Ale House"
"Lael Coleman";"Driftwood Inn"
"Lael Coleman";"HUGOS FROG BAR"
"Laith Nash";"Burnt Creek Club"
"Laith Nash";"Kyle Johnson"
"Laith Nash";"Nyclubscene.com"
"Lamar Stone";"Stillwaters Inc"
"Lance Noble";"Bavarian Beer Nuts"
"Lance Noble";"Gunsmoke Saloon"
"Lane Brown";"Better Way Marketing"
"Lane Brown";"Board Of Trade"
"Lane Pickett";"Elite Home Medical Supply"
"Lane Pickett";"Entourage Night Club"
"Lane Pickett";"Jukebox"
"Lane Pickett";"Luna Sea"
"Lane Pickett";"White Horse Tavern"
"Lani Walker";"Capn's Catering Llc"
"Lani Walker";"Hell's Kitchen Lounge"
"Larissa Forbes";"Bostock's Billiards & Bar"
"Larissa Forbes";"Hangar 9"
"Larissa Forbes";"HUGOS FROG BAR"
"Larissa Forbes";"Hoops"
"Lars Wooten";"Penthouse Club"
"Lars Wooten";"Other Side"
"Latifah Jarvis";"Woody's Bar & Grill"
"Laura Pitts";"Hye Bar"
"Laura Pitts";"Westfair Communications Inc"
"Laurel Olson";"City View Tavern"
"Laurel Olson";"Bleachers Inc"
"Lawrence Clark";"Dogpatch Tavern"
"Lawrence Clark";"Chotard Recreation"
"Lawrence Greer";"Planet Pocono"
"Lee Guy";"Diamond Jim's"
"Lee Guy";"Westfair Communications Inc"
"Lee Rush";"Hailey's"
"Leigh Cameron";"Bamboo Lounge"
"Leigh Cameron";"Midway Inn"
"Leigh Cameron";"War Eagle Supper Club"
"Leigh Curtis";"Triple Crown"
"Leigh Odonnell";"Partners"
"Leigh Odonnell";"Adonis"
"Leigh Odonnell";"Last Great Watering Hole"
"Leilani Floyd";"Post Office Cafe"
"Leonard Wallace";"Bostock's Billiards & Bar"
"Leonard Wallace";"HUGOS FROG BAR"
"Leroy Hays";"Hailey's"
"Leroy Hays";"Kelly's Irish Saloon"
"Leroy Mcconnell";"Fiddler's Inn"
"Lesley Mooney";"War Eagle Supper Club"
"Leslie Reese";"Central Bar"
"Leslie Reese";"Headliners Music Hall"
"Leslie Reese";"Store"
"Leslie Williams";"Rapid Roof Systems"
"Lester Benjamin";"Eddie C's Pub & Billiards"
"Lewis Weiss";"Griffin's Sports Bar & Grill"
"Lilah Bartlett";"Club Orleans"
"Lilah Gay";"Elite Home Medical Supply"
"Lilah Gay";"Entourage Night Club"
"Lilah Gay";"Luna Sea"
"Lilah Gay";"Pilsen Klub"
"Lilah Gay";"Woody's Bar & Grill"
"Lillith English";"Adonis"
"Lillith English";"Branch"
"Lillith English";"Just One More"
"Lillith Guerra";"Nightmoves"
"Lillith Lester";"Crystal Room"
"Lillith Lester";"Nyclubscene.com"
"Lillith Lester";"O'Kelly's Sports Bar & Grill"
"Lillith Lester";"Thirsty Camel Saloon"
"Lillith Weiss";"Bar Louie Ann Arbor"
"Lillith Weiss";"Beach House"
"Lois Brooks";"Bishops Pub & Grill"
"Louis Cochran";"Char's Has The Blues"
"Louis Cochran";"Spirits Nightclub"
"Lucas Blankenship";"Mad Hatter"
"Lucius Stout";"Cochran Keating"
"Lucius Workman";"Phoenix Bar"
"Lucy Grimes";"Ed's Tavern"
"Lucy Grimes";"The Brewery"
"Lunea Bender";"Edmond Mukamal D.d.s"
"Lysandra Ferguson";"Jukebox"
"Lysandra Ferguson";"Branch Night Club"
"Lysandra Ferguson";"Luna Sea"
"Lysandra Welch";"Big Chill"
"Macaulay Rocha";"Elizabeth Delisser"
"Macaulay Rocha";"BUCKEYE TAVERN"
"Macaulay Rocha";"Froggy Bottomz"
"Macaulay Rocha";"T J's"
"Macey Wilcox";"Amf Seaway Lanes"
"Macey Wilcox";"Froggy Bottomz"
"Macey Wilcox";"Short Stop"
"MacKensie Johns";"Kelly's Westport Inn"
"MacKensie Johns";"Bull Pen Bar"
"MacKensie Wyatt";"T J's"
"MacKensie Wyatt";"Amf Seaway Lanes"
"MacKensie Wyatt";"BUCKEYE TAVERN"
"MacKensie Wyatt";"Puck Restaurant & Sports Bar"
"MacKensie Wyatt";"Short Stop"
"MacKenzie Dejesus";"Cup O' Joe-Short North"
"MacKenzie Dejesus";"Adonis"
"Macon Hayden";"Lodge Management Corporation"
"Macon Hayden";"Next"
"Madaline Oneil";"Oxford's Cafe & Pub"
"Madaline Oneil";"Triple Crown"
"Madaline Paul";"BUCKEYE TAVERN"
"Madaline Paul";"Fast Eddy's"
"Madaline Paul";"Jungle"
"Madaline Paul";"Short Stop"
"Madeson Smith";"Diamond Jim's"
"Madeson Smith";"Dead Horse"
"Madison Alvarez";"Fergie's Pub"
"Madison Alvarez";"Fred's Bar & Grill"
"Madison Melton";"Pam's Place Bar & Grill"
"Madison Melton";"Peabody's Concert Club"
"Madison Melton";"Four Seasons Wine & Liquor"
"Magee Ferguson";"Eddie C's Pub & Billiards"
"Magee Ferguson";"Terry's State Saloon"
"Magee Murray";"Cactus Jacks Tavern"
"Magee Trujillo";"Lydia's"
"Magee Trujillo";"Planet Pocono"
"Maile Glass";"B B King Blues Club"
"Maile Glass";"Chotard Recreation"
"Maile Glass";"Desperados"
"Maile Glass";"Kalahari Bar"
"Maile Glass";"Dogpatch Tavern"
"Maile Glass";"Three Son's Italian Restaurant"
"Maile Sawyer";"Games"
"Maisie Winters";"Fiddler's Inn"
"Maisie Winters";"Pub 44"
"Malachi Farrell";"Ramrod Fort Lauderdale"
"Malachi Farrell";"Canal Street Tavern"
"Malachi Farrell";"Mail Box"
"Malachi Flynn";"Rizzuto & CO Inc"
"Malachi Flynn";"Blue Moon Lounge"
"Malachi Moss";"Bar Louie Denver"
"Malachi Moss";"Andrew Blairs Llc"
"Malachi Moss";"Freddie's"
"Malcolm Baxter";"Cabaret West Glen"
"Malcolm Thomas";"Lenny's Bar & Grill"
"Malik Ashley";"Eddie C's Pub & Billiards"
"Malik Barlow";"T J's"
"Malik Parsons";"Highdive"
"Malik Parsons";"Colonial Inn"
"Malik Parsons";"Wilhagan's"
"Mallory Berg";"Hoops"
"Mallory Berg";"HUGOS FROG BAR"
"Mallory Berg";"Clark Street Ale House"
"Mallory Ford";"Store"
"Mallory Ford";"Wilhagan's"
"Mallory Ford";"Highdive"
"Mallory Ford";"Jack's Tavern"
"Mallory Franks";"Dogpatch Tavern"
"Mallory Franks";"Desperados"
"Mallory Franks";"Kalahari Bar"
"Mallory Franks";"Moody's"
"Mallory Garza";"Casa Nova Bar"
"Mallory Garza";"Leather & Lace"
"Mallory Garza";"Mike & C's Family Sports Grill"
"Mallory Garza";"Whiskey Junction"
"Mallory Ramsey";"Past Perfect"
"Marah Caldwell";"Indigo Joe's Sports Pub & Bar"
"Marah Caldwell";"Peabody's Concert Club"
"Marah Garza";"Indigo Joe's Sports Pub & Bar"
"Marah Garza";"Show N Tail"
"Marah Head";"Carriage Inn"
"Marah Head";"Billy Goat Tavern"
"Marah Wooten";"Barn"
"Marah Wooten";"Nantucket Wine & Spirits"
"Mariam Horton";"Stillwaters Inc"
"Mariam Horton";"Oxford's Cafe & Pub"
"Mariko Mathis";"Hell's Kitchen Lounge"
"Mariko Mathis";"Party & Banquet Info"
"Mariko Mathis";"Sand Bar & Grill"
"Mariko Mathis";"Capn's Catering Llc"
"Marsden Roberson";"This Little Piggi Co."
"Marsden Roberson";"Andrew Blairs Llc"
"Marsden Roberson";"County Line Pub"
"Marvin Kaufman";"Cactus Jacks Tavern"
"Marvin Kaufman";"Charlie Goodnight's Restaurant"
"Marvin Parsons";"Lydia's"
"Maryam Soto";"Canal Street Tavern"
"Maryam Soto";"Mail Box"
"Maryam Soto";"Comedy Sportz"
"Mason Montgomery";"Club"
"Mason Montgomery";"Twenty-Two 18 Restaurant & Nig"
"Maxine Hines";"Venue"
"Maxwell Banks";"Deviney's Iron Horse Pub"
"Maxwell Banks";"Foundry"
"Maxwell Banks";"Bamboo Lounge"
"Maxwell Banks";"GREAT TREATS INC Dba MULLENS DAIRY BAR"
"Maxwell Banks";"War Eagle Supper Club"
"Maxwell Meadows";"Foundry"
"Maxwell Meadows";"Midway Inn"
"Maxwell Meadows";"War Eagle Supper Club"
"Maxwell Meadows";"Deviney's Iron Horse Pub"
"Mechelle Mcclure";"Eddy's Sports Pub"
"Mechelle Vaughn";"Niko's Lodge Bar & Grill"
"Meghan Peterson";"Rhino's Sports & Spirits"
"Melanie Schroeder";"Niko's Lodge Bar & Grill"
"Melanie Schroeder";"Cochran Keating"
"Melanie Schroeder";"Mc Crossen's Tavern"
"Meredith Atkins";"Nightmoves"
"Meredith Atkins";"Schooner Inc"
"Meredith Atkins";"Kelly's Westport Inn"
"Merrill Elliott";"Coconutz"
"Merrill Elliott";"Gunsmoke Saloon"
"Merrill Elliott";"Keller International Pubg LLC"
"Merrill Elliott";"Lamplighter Inn"
"Merrill Elliott";"Western Bar & Cafe"
"Merrill Simon";"Oxford's Cafe & Pub"
"Michael Buchanan";"War Eagle Supper Club"
"Miranda Carr";"Fionn Mac Cool's Irish Pub"
"Miranda Fitzgerald";"Nantucket Wine & Spirits"
"Miriam Avila";"My Office Bar & Grill"
"Miriam Avila";"Wilhagan's"
"Miriam White";"Kickers Country Club"
"Miriam White";"SCENTSATIONAL SALOON"
"Miriam White";"Wild Goose Bar & Grill"
"Morgan Powell";"Lodge Management Corporation"
"Morgan Powell";"Next"
"Myles Mcdonald";"SCENTSATIONAL SALOON"
"Myles Mcdonald";"Charlie Goodnight's Restaurant"
"Myles Mcdonald";"Wild Goose Bar & Grill"
"Myles Webb";"Purple Martini DTC"
"Myles Webb";"Ramrod Fort Lauderdale"
"Nadine Greene";"Pam's Place Bar & Grill"
"Naida Kemp";"Thinking Man Tavern"
"Nash Peterson";"Show N Tail"
"Nash Peterson";"Indigo Joe's Sports Pub & Bar"
"Nash Peterson";"Pam's Place Bar & Grill"
"Nash Peterson";"Strokers Club"
"Nasim Christensen";"Oxford's Cafe & Pub"
"Nasim Christensen";"Inn Zone"
"Nasim Faulkner";"Winking Lizard Inc"
"Nasim Faulkner";"Lodge Management Corporation"
"Nathan Green";"Ramrod Fort Lauderdale"
"Nathan Green";"Rapid Roof Systems"
"Nathan Green";"Canal Street Tavern"
"Nathan Morrison";"Ranch House"
"Nathaniel Prince";"Comedy Sportz"
"Nehru Bradley";"Lodge Management Corporation"
"Nehru Strong";"Terry's State Saloon"
"Nell Rivera";"Union Street Station"
"Nero Steele";"Cabaret West Glen"
"Nero Steele";"Phoenix Bar"
"Neve Briggs";"Cochran Keating"
"Neve Briggs";"Mc Crossen's Tavern"
"Neve Briggs";"One More Time"
"Neve Rodgers";"Stillwaters Inc"
"Nichole Deleon";"Club Boi"
"Nichole Deleon";"Corner Pub"
"Nichole Deleon";"Ginger Man"
"Nichole Deleon";"Stage One"
"Nicole Haynes";"Foundry"
"Nicole Haynes";"GREAT TREATS INC Dba MULLENS DAIRY BAR"
"Nigel Frost";"Hoovers Pub & Grill"
"Nigel Scott";"Mississippi Nights"
"Nigel Scott";"Cactus Jacks Tavern"
"Nita Bridges";"Indigo Joe's Sports Pub & Bar"
"Nita Bridges";"Bar Louie Ann Arbor"
"Nita Bridges";"Peabody's Concert Club"
"Nita Bridges";"Show N Tail"
"Nita Henry";"Bunk House"
"Nita Henry";"GREAT TREATS INC Dba MULLENS DAIRY BAR"
"Nita Henry";"Midway Inn"
"Noah Mccarty";"Club Boi"
"Noah Mccarty";"Blue Water Inn"
"Noah Mccarty";"The Ancient Egyptian Society"
"Noah Mccarty";"Time Out Bar & Grill"
"Noelle Barr";"Thinking Man Tavern"
"Noelle Barr";"Terry's State Saloon"
"Noelle Mcfarland";"The Ancient Egyptian Society"
"Noelle Mcfarland";"Blue Water Inn"
"Noelle Mcfarland";"Stage One"
"Noelle Mcfarland";"Time Out Bar & Grill"
"Nolan Vang";"East Atlanta Restaurant & Lng"
"Nyssa Blackwell";"Sam's Place"
"Nyssa Blackwell";"Webster Hall"
"Odysseus Hatfield";"Highlander Cafe & Pub"
"Odysseus Hatfield";"Carriage Inn"
"Odysseus Sparks";"Driftwood Inn"
"Odysseus Sparks";"Zanies Comedy Night Club"
"Odysseus Sparks";"Clark Street Ale House"
"Odysseus Sparks";"Hoops"
"Odysseus Stephenson";"Fran's Place Inc"
"Odysseus Stephenson";"Snail Beer"
"Oleg Justice";"Cup O' Joe-Short North"
"Oleg Justice";"Just One More"
"Oleg Justice";"Partners"
"Oleg Justice";"Poker Pub"
"Oleg Whitley";"Bavarian Beer Nuts"
"Oleg Whitley";"Fitz' Bar & Grill"
"Oleg Whitley";"Western Bar & Cafe"
"Oleg Whitley";"Coconutz"
"Olivia Pate";"Broadway Regency Restaurant"
"Oprah Bridges";"Comedy Sportz"
"Oprah Bridges";"Ramrod Fort Lauderdale"
"Oprah Bridges";"Purple Martini DTC"
"Ora Sutton";"Corner Pub"
"Ora Sutton";"Ginger Man"
"Ora Sutton";"The Ancient Egyptian Society"
"Oren Bridges";"Hell's Kitchen Lounge"
"Oren Kelley";"Club Salsa Oko"
"Orlando Albert";"Fionn Mac Cool's Irish Pub"
"Orli Sharpe";"Trophy's Sports Bar & Family"
"Orli Sharpe";"Eddie C's Pub & Billiards"
"Orson Mann";"Strokers Club"
"Orson Sellers";"Cup O' Joe-Short North"
"Orson Sellers";"Last Great Watering Hole"
"Otto Joyner";"Jazid"
"Otto Joyner";"Ginger Man"
"Otto Joyner";"Stage One"
"Owen Buchanan";"Next"
"Palmer Coleman";"Nemo's Sports Cafe"
"Palmer Coleman";"Pub 44"
"Paloma Chan";"Checkered Flag Sports Bar"
"Paloma Flowers";"Live On North"
"Paloma Flowers";"Sand Bar & Grill"
"Pamela Carlson";"Kamron Kirkconnell"
"Patricia Sosa";"Lydia's"
"Pearl Diaz";"Rapid Roof Systems"
"Pearl Mcgee";"Ed's Tavern"
"Pearl Mcgee";"Pour House Pub"
"Pearl Mcgee";"Rocky & J D's Tavern"
"Penelope Grimes";"Bleachers Inc"
"Perry Hogan";"Cochran Keating"
"Peter Douglas";"Jazid"
"Peter Douglas";"Ginger Man"
"Phelan Fischer";"Matilda"
"Phelan Fischer";"Midway Inn"
"Phelan Fischer";"War Eagle Supper Club"
"Philip Moran";"Bar Louie Denver"
"Philip Moran";"Andrew Blairs Llc"
"Philip Moran";"Two Bucks Saloon"
"Phyllis Park";"Broadway Sports Bar Grill"
"Phyllis Park";"Evolutions"
"Porter Mckee";"Kalahari Bar"
"Porter Mckee";"B B King Blues Club"
"Porter Rowe";"Tags"
"Porter Rowe";"The World Wide Wine Tour"
"Preston Garner";"Bull Pen Bar"
"Preston Garner";"Char's Has The Blues"
"Price Ferguson";"Jukebox"
"Price Spears";"Time Out Bar & Grill"
"Price Spears";"Blue Water Inn"
"Price Washington";"Ed's Tavern"
"Price Washington";"Kamron Kirkconnell"
"Price Washington";"Rocky & J D's Tavern"
"Price Washington";"Chippendales Entertainment"
"Price Washington";"The Brewery"
"Quemby Sykes";"Lodge Management Corporation"
"Quincy Lloyd";"George's Union Station"
"Quincy Lloyd";"Terry's State Saloon"
"Quincy Lloyd";"Thinking Man Tavern"
"Quinlan Wilkerson";"Fred's Bar & Grill"
"Quinlan Wilkerson";"Fitzgerald's Night Club"
"Quinlan Wilkerson";"Nothin Fancy Bar & Grill"
"Quinlan Wilkerson";"Southside Ale House & Raw Bar"
"Quon Vasquez";"Catwalk"
"Quon Vasquez";"Club Boi"
"Quon Vasquez";"Giada's"
"Quon Vasquez";"Stage One"
"Quon Vasquez";"The Ancient Egyptian Society"
"Quon Vasquez";"Dark Horse Tavern"
"Quon Vasquez";"Ginger Man"
"Quyn Adams";"Lodge Management Corporation"
"Quyn Adams";"Nantucket Wine & Spirits"
"Quynn Meyer";"Eschbacher Engineering"
"Quynn Meyer";"Broadway Regency Restaurant"
"Rafael Gray";"Hangar 9"
"Rafael Gray";"Bostock's Billiards & Bar"
"Rahim Rocha";"Eschbacher Engineering"
"Rahim Rocha";"Griffin's Sports Bar & Grill"
"Rahim Roy";"Clark Street Ale House"
"Rahim Roy";"Club Orleans"
"Rahim Roy";"Driftwood Inn"
"Rajah Sanders";"Cheers Wine & Spirits"
"Rama Church";"Adonis"
"Rama Church";"Partners"
"Rama Church";"Cup O' Joe-Short North"
"Rama Church";"Tumbleweeds"
"Ramona Robbins";"Kelly's Irish Saloon"
"Ramona Robbins";"Stubbie Shirt Pub"
"Randall Lane";"Cove Bar & Grill"
"Randall Lane";"Evolutions"
"Rashad Solis";"County Line Pub"
"Ray Kerr";"Brass Key"
"Ray Kerr";"Nec Leo Morbi Ltd"
"Raymond Collins";"Andrew Blairs Llc"
"Raymond Collins";"This Little Piggi Co."
"Raymond Collins";"Two Bucks Saloon"
"Reagan Parrish";"Penthouse Club"
"Rebecca Chan";"Kelly's Westport Inn"
"Rebecca Chan";"Nightmoves"
"Reed Christian";"Wild Goose Bar & Grill"
"Regina Levy";"Board Of Trade"
"Regina Levy";"Diamond Jim's"
"Regina Levy";"Hye Bar"
"Rhoda Fox";"SCENTSATIONAL SALOON"
"Rhoda Fox";"Union Street Station"
"Rhoda Fox";"Kickers Country Club"
"Rhoda Fox";"Tasty World"
"Rhoda Merritt";"Charlie Goodnight's Restaurant"
"Rhoda Merritt";"Cactus Jacks Tavern"
"Rhoda Merritt";"Mississippi Nights"
"Rhoda Merritt";"SCENTSATIONAL SALOON"
"Rhona Rivas";"Bunk House"
"Ria Burke";"Burnt Creek Club"
"Ria Burke";"Kyle Johnson"
"Ria Fisher";"This Little Piggi Co."
"Ria Fisher";"Fujioka's Wine & Spirits; LLC"
"Rigel Brown";"Mississippi Nights"
"Rinah Russell";"Corner Pub"
"Rinah Russell";"Dark Horse Tavern"
"Rinah Russell";"Jazid"
"Risa Butler";"Bleachers Inc"
"Rosalyn Baker";"Bayou Bar & Grill"
"Rosalyn Mathis";"Centre Point Bar & Grill"
"Rosalyn Mathis";"Edmond Mukamal D.d.s"
"Ross Freeman";"Fitz' Bar & Grill"
"Ross Freeman";"Western Bar & Cafe"
"Ross Gilmore";"Lamplighter Inn"
"Rowan Clements";"Boss"
"Rowan Clements";"Fitzgerald's Night Club"
"Rowan Clements";"The Johnson Beer Company"
"Ryan Burch";"Nemo's Sports Cafe"
"Ryan Burch";"Nec Leo Morbi Ltd"
"Ryan Rosales";"Cabaret West Glen"
"Ryan Rosales";"Phoenix Bar"
"Ryder Newman";"Nantucket Wine & Spirits"
"Sacha Craft";"Chippendales Entertainment"
"Sacha Craft";"Kamron Kirkconnell"
"Sade Doyle";"Highlander Cafe & Pub"
"Sade Doyle";"Miyagi Sushi Bar & Grill"
"Sage Mccarty";"Headliners Music Hall"
"Sage Mccarty";"Wilhagan's"
"Sage Mccarty";"Jack's Tavern"
"Samantha Acosta";"LAS VEGAS BAR LIQUOR"
"Samson Howard";"Beach House"
"Samson Howard";"Show N Tail"
"Samuel Maddox";"Broadway Regency Restaurant"
"Samuel Maddox";"Eschbacher Engineering"
"Samuel Maddox";"Rusty Spur Saloon"
"Samuel Thornton";"Fionn Mac Cool's Irish Pub"
"Sara Sosa";"Canal Street Tavern"
"Sara Sosa";"Comedy Sportz"
"Sara Sosa";"Mail Box"
"Savannah Burnett";"Young's"
"Savannah White";"Billy Goat Tavern"
"Savannah White";"Miyagi Sushi Bar & Grill"
"Savannah White";"Carriage Inn"
"Savannah White";"Highlander Cafe & Pub"
"Scott Moran";"Four Seasons Wine & Liquor"
"Scott Moran";"Pam's Place Bar & Grill"
"Scott Moran";"Bar Louie Ann Arbor"
"Scott Moran";"Beach House"
"Scott Moran";"Peabody's Concert Club"
"Sebastian Doyle";"Bubba's"
"Shad Stokes";"Deja Vu Ii"
"Shad Stokes";"Hell's Kitchen Lounge"
"Shaeleigh Shields";"Metro"
"Shaine Flowers";"Boss"
"Shaine Flowers";"Fred's Bar & Grill"
"Shaine Flowers";"Top Rail Ballroom"
"Shaine Flowers";"Nothin Fancy Bar & Grill"
"Shaine Floyd";"Mississippi Nights"
"Shaine Floyd";"SCENTSATIONAL SALOON"
"Shaine Torres";"Silver Dollar"
"Shaine Torres";"Sportsman Inn"
"Shaine Torres";"Bishops Pub & Grill"
"Shana Fowler";"Ramrod Fort Lauderdale"
"Shana Fowler";"Comedy Sportz"
"Shelby Cobb";"Bunk House"
"Shelly Matthews";"Barn"
"Shelly Matthews";"Winking Lizard Inc"
"Shoshana Burch";"Amf Seaway Lanes"
"Shoshana Burch";"BUCKEYE TAVERN"
"Shoshana Burch";"Fast Eddy's"
"Shoshana Burch";"T J's"
"Shoshana Burch";"Short Stop"
"Simone Dorsey";"Miyagi Sushi Bar & Grill"
"Simone Hughes";"Branch Night Club"
"Simone Hughes";"Elite Home Medical Supply"
"Simone Hughes";"Pilsen Klub"
"Slade Perez";"Terry's State Saloon"
"Solomon Lyons";"Driftwood Inn"
"Solomon Lyons";"Zanies Comedy Night Club"
"Solomon Owen";"East Atlanta Restaurant & Lng"
"Solomon Owen";"Bailey's Bistro"
"Solomon Owen";"Young's"
"Sonia Bell";"Billabongpub"
"Sonia Booth";"Industry Bar Code Alliance"
"Sonia Booth";"Ramrod Fort Lauderdale"
"Sonia Booth";"Rapid Roof Systems"
"Sonia Lindsey";"Dean S. Karlan"
"Sonia Lindsey";"Ranch House"
"Sonia Lindsey";"Coconutz"
"Sonia Lindsey";"The Wine Shop"
"Sonia Rasmussen";"Live On North"
"Sonia Snow";"Bubba's"
"Sonia Snow";"Outlaw Saloon"
"Sonia Snow";"Platinum"
"Sonya Little";"Nec Leo Morbi Ltd"
"Sonya Little";"Pub 44"
"Sophia Horn";"Hye Bar"
"Sophia Horn";"Loki Lounge"
"Sophia Horn";"Westfair Communications Inc"
"Sophia Horn";"Campus Inn"
"Sophia Horn";"Diamond Jim's"
"Sopoline Callahan";"Eddie C's Pub & Billiards"
"Stacey Spencer";"Deja Vu Ii"
"Stacey Spencer";"Capn's Catering Llc"
"Steel Fletcher";"21 Rock"
"Steel Fletcher";"Tropicana"
"Stephen Aguilar";"Deja Vu Ii"
"Stephen Aguilar";"Hell's Kitchen Lounge"
"Stephen Aguilar";"Party & Banquet Info"
"Stephen Aguilar";"Sand Bar & Grill"
"Stephen Harrell";"Post Office Cafe"
"Stephen Harrell";"Rizzuto & CO Inc"
"Steven Mcintosh";"Entourage Night Club"
"Steven Mcintosh";"White Horse Tavern"
"Steven Mcintosh";"Woody's Bar & Grill"
"Sylvester Bullock";"Bishops Pub & Grill"
"Sylvester Bullock";"Nicky Blaine's"
"Sylvester Weber";"Emerald City Of Pensacola Inc"
"Sylvester Weber";"Jukebox"
"Sylvester Weber";"White Horse Tavern"
"Sylvester Weber";"Brownstone Lounge"
"Tad Brennan";"Cochran Keating"
"Tad Burt";"Nantucket Wine & Spirits"
"Talon Dudley";"Thinking Man Tavern"
"Tamara Doyle";"Bull Pen Bar"
"Tamara Doyle";"Char's Has The Blues"
"Tamara Doyle";"Spirits Nightclub"
"Tamara Doyle";"Kelly's Westport Inn"
"Tamara Huber";"Sky Bar"
"Tamara Huber";"Cove Bar & Grill"
"Tamara Lewis";"Deja Vu Ii"
"Tamara Lewis";"Bayou Bar & Grill"
"Tamekah Peck";"County Line Pub"
"Tamekah Peck";"Fujioka's Wine & Spirits; LLC"
"Tamekah Peck";"Two Bucks Saloon"
"Tamekah Wilson";"Espinos Mexican Bar & Grill"
"Tana Travis";"Call Of The Wild"
"Tana Travis";"Kyle Johnson"
"Tana Travis";"Burnt Creek Club"
"Tanek Cochran";"Fiddler's Inn"
"Tanek Cochran";"Nemo's Sports Cafe"
"Tanek Keller";"Chotard Recreation"
"Tanisha Coffey";"Stone Church"
"Tarik Jensen";"Hangar 9"
"Tarik Jensen";"Clark Street Ale House"
"Tarik Jensen";"HUGOS FROG BAR"
"Tashya Blair";"Nemo's Sports Cafe"
"Tashya Johnston";"Bayou Bar & Grill"
"Tashya Johnston";"Hell's Kitchen Lounge"
"Tashya Johnston";"Live On North"
"Tashya Johnston";"Sand Bar & Grill"
"Tatum Mckinney";"T J's"
"Tatum Mckinney";"Short Stop"
"Tatyana Evans";"Legends Patio Bar & Grille"
"Tatyana Evans";"O'Kelly's Sports Bar & Grill"
"Tatyana Evans";"Nyclubscene.com"
"Taylor Perry";"Eschbacher Engineering"
"Taylor Perry";"Improv Asylum"
"Taylor Perry";"Tumbleweed Texas"
"Taylor Perry";"Water Tank"
"Teegan Patel";"Continental"
"Teegan Patel";"LAS VEGAS BAR LIQUOR"
"Teegan Patel";"Platinum"
"Thaddeus Kinney";"Bubba's"
"Thaddeus Kinney";"LAS VEGAS BAR LIQUOR"
"Thaddeus Leblanc";"Nicky Blaine's"
"Thaddeus Leblanc";"Sportsman Inn"
"Theodore Blanchard";"Coconutz"
"Theodore Blanchard";"Gunsmoke Saloon"
"Theodore Blanchard";"Lamplighter Inn"
"Theodore Blanchard";"Roomers"
"Theodore Lawson";"Hailey's"
"Theodore Lawson";"Wolfpack Ventures Inc"
"Timon Gibbs";"Allie's"
"Timon Gibbs";"Jack's Tavern"
"Timon Gibbs";"Julie's"
"Timon Gibbs";"My Office Bar & Grill"
"Timon Gibbs";"Wilhagan's"
"Tobias Carpenter";"Ugly Dog Saloon"
"Todd Vaughn";"Colonial Inn"
"Todd Vaughn";"My Office Bar & Grill"
"Todd Vaughn";"Twenty-Two 18 Restaurant & Nig"
"Todd Vaughn";"Jack's Tavern"
"Trevor Dickerson";"Barn"
"Trevor Dickerson";"Nantucket Wine & Spirits"
"Trevor Fletcher";"Bubba's"
"Trevor Foster";"Eschbacher Engineering"
"Trevor Foster";"Broadway Regency Restaurant"
"Trevor Foster";"Rusty Spur Saloon"
"Trevor Foster";"Winking Lizzard Tavern"
"Trevor Melton";"Oxford's Cafe & Pub"
"Troy Mcclure";"Outlaw Saloon"
"Troy Pugh";"BEER"
"Troy Pugh";"Brownstone Lounge"
"Troy Pugh";"Elite Home Medical Supply"
"Troy Pugh";"Luna Sea"
"Tucker Crawford";"Centennial Fine Wine Amp Spirits"
"Tucker Crawford";"Checkered Flag Sports Bar"
"Tucker Roach";"Crystal Room"
"Tyler Alford";"Kelly's Irish Saloon"
"Tyler Alford";"Wolfpack Ventures Inc"
"Tyler Moreno";"Bailey's Bistro"
"Tyler Moreno";"Vickery's Bar & Grill"
"Tyler Robbins";"Purple Martini DTC"
"Tyler Robbins";"Industry Bar Code Alliance"
"Ulla Gentry";"Highlander Cafe & Pub"
"Ulla Gentry";"Miyagi Sushi Bar & Grill"
"Ulric Chang";"Mississippi Nights"
"Ulric Chang";"SCENTSATIONAL SALOON"
"Ulric Griffin";"Bracken's Pub"
"Ulric Griffin";"Centre Point Bar & Grill"
"Ulric Griffin";"Edmond Mukamal D.d.s"
"Ulric Parks";"Julie's"
"Ulric Parks";"Store"
"Ulric Parks";"Central Bar"
"Ulric Parks";"My Office Bar & Grill"
"Uma Schmidt";"Planet Pocono"
"Upton Patel";"Fiddler's Inn"
"Uriel Preston";"Froggy Bottomz"
"Uriel Preston";"Jungle"
"Uriel Preston";"T J's"
"Ursula Johnson";"Pam's Place Bar & Grill"
"Uta Hines";"Hoops"
"Uta Hobbs";"BEER"
"Uta Hobbs";"Woody's Bar & Grill"
"Uta Mcclain";"Sportsman Inn"
"Uta Mcclain";"Bishops Pub & Grill"
"Vanna Moss";"Barn"
"Vanna Moss";"Next"
"Vaughan Grant";"Bayou Bar & Grill"
"Vaughan Grant";"Sand Bar & Grill"
"Vaughan Miranda";"Just One More"
"Veda Burke";"Fran's Place Inc"
"Vera Hahn";"Kelly's Westport Inn"
"Vera Hahn";"Spirits Nightclub"
"Vera Hahn";"Char's Has The Blues"
"Vernon Weiss";"Gators Plaza Cafe"
"Veronica Shaffer";"Show N Tail"
"Victor Jacobson";"Eschbacher Engineering"
"Victor Jacobson";"Improv Asylum"
"Victor Jacobson";"Water Tank"
"Victor Jacobson";"Winking Lizzard Tavern"
"Victoria Woodard";"Pocono Pub"
"Victoria Woodard";"Post Office Cafe"
"Victoria Woodard";"Rizzuto & CO Inc"
"Vincent Boone";"Ugly Dog Saloon"
"Vincent Boone";"Fionn Mac Cool's Irish Pub"
"Vincent Boone";"Miyagi Sushi Bar & Grill"
"Vincent Fox";"Past Perfect"
"Violet Murphy";"Continental"
"Vivian Mcconnell";"Mad Hatter"
"Vivian Mcconnell";"Shai"
"Vladimir Meadows";"Ramrod Fort Lauderdale"
"Vladimir Meadows";"Rapid Roof Systems"
"Vladimir Shaw";"Brass Key"
"Wade Rich";"Gunsmoke Saloon"
"Wade Rich";"The Wine Shop"
"Wade Rich";"Fitz' Bar & Grill"
"Wade Rich";"Ranch House"
"Walker Howe";"Main Street Station"
"Wanda Greer";"21 Rock"
"Wanda Greer";"Centre Point Bar & Grill"
"Wanda Greer";"Edmond Mukamal D.d.s"
"Wanda Ryan";"Eddie C's Pub & Billiards"
"Wang Pate";"Triple Crown"
"Wang Vang";"Winking Lizzard Tavern"
"Warren Levine";"Bar Louie Ann Arbor"
"Warren Levine";"Four Seasons Wine & Liquor"
"Warren Levine";"Peabody's Concert Club"
"Wayne England";"Phoenix Bar"
"Wayne Kline";"Julie's"
"Wayne Kline";"Store"
"Wayne Kline";"Twenty-Two 18 Restaurant & Nig"
"Wayne Kline";"Club"
"Wayne Kline";"Wilhagan's"
"Wendy Brennan";"Mc Crossen's Tavern"
"Wesley Buck";"Main Street Station"
"Whoopi Garrett";"Billabongpub"
"Whoopi Garrett";"Cochran Keating"
"Whoopi Garrett";"Comedy Cellar"
"Whoopi Garrett";"Lenny's Bar & Grill"
"Whoopi Garrett";"Mc Crossen's Tavern"
"Whoopi Garrett";"Chet's Place"
"Willa Wooten";"Improv Comedy Club"
"Willa Wooten";"Three Son's Italian Restaurant"
"William Trevino";"Lydia's"
"William Trevino";"Bed And Breakfast Travel"
"William Whitley";"Oxford's Cafe & Pub"
"Willow Whitfield";"Deviney's Iron Horse Pub"
"Willow Whitfield";"War Eagle Supper Club"
"Wyatt Copeland";"Fujioka's Wine & Spirits; LLC"
"Wyatt Copeland";"This Little Piggi Co."
"Wyatt Copeland";"County Line Pub"
"Wyatt Norris";"Western Bar & Cafe"
"Wyatt Sexton";"B B King Blues Club"
"Wyatt Sexton";"Moody's"
"Wyatt Sexton";"Dogpatch Tavern"
"Wynter Potter";"Bar Louie Ann Arbor"
"Wynter Potter";"Beach House"
"Wynter Potter";"Pam's Place Bar & Grill"
"Wynter Potter";"Show N Tail"
"Xander Elliott";"Mail Box"
"Xander Elliott";"Ramrod Fort Lauderdale"
"Xantha Clayton";"Kitchen K"
"Xantha Clayton";"Lsg Sky Chefs"
"Xavier Henry";"Club Orleans"
"Xavier Henry";"Hangar 9"
"Xavier Henry";"Jesus Our Savior"
"Xavier Henry";"Driftwood Inn"
"Xaviera Salinas";"Wish's Club"
"Xena Russo";"H2O & Water Bar Lounge"
"Xenos Riley";"Continental"
"Xenos Riley";"Platinum"
"Xerxes Dillon";"Fitzgerald's Night Club"
"Xerxes Dillon";"Kelly's Tavern"
"Xerxes Dillon";"Nothin Fancy Bar & Grill"
"Yetta Baker";"Centre Point Bar & Grill"
"Yetta Baker";"Cheers Wine & Spirits"
"Yetta Henderson";"Kyle Johnson"
"Yetta Henderson";"Nyclubscene.com"
"Yetta Henderson";"O'Kelly's Sports Bar & Grill"
"Yetta Jefferson";"Alligator Bayou Bar"
"Yetta Jefferson";"City View Tavern"
"Yetta Jefferson";"Hoovers Pub & Grill"
"Yetta Jefferson";"Tags"
"Yetta Jefferson";"The World Wide Wine Tour"
"Yolanda Cain";"Nantucket Wine & Spirits"
"Yolanda Cain";"Barn"
"Yuri Riggs";"Ramrod Fort Lauderdale"
"Yuri Riggs";"Purple Martini DTC"
"Yuri Valencia";"Kelly's Irish Saloon"
"Yuri Valencia";"Shai"
"Yuri Valencia";"Mad Hatter"
"Yuri Valencia";"Wolfpack Ventures Inc"
"Zachary Crawford";"Madame Oar's"
"Zachary Crawford";"Miyagi Sushi Bar & Grill"
"Zahir Duffy";"Kickers Country Club"
"Zahir Higgins";"New West"
"Zelenia Bryant";"Kickers Country Club"
"Zena Schneider";"Fred's Bar & Grill"
"Zena Schneider";"Boss"
"Zena Schneider";"Fitzgerald's Night Club"
"Zena Schneider";"The Johnson Beer Company"
"Zenaida Hodges";"Club Salsa Oko"
"Zenaida Hodges";"Pocono Pub"
"Zenaida Hodges";"Post Office Cafe"
"Zenaida Lloyd";"Blue Moon Lounge"
"Zenaida Lloyd";"Black Sheep"
"Zenia Ellison";"21 Rock"
"Zenia Ellison";"Centre Point Bar & Grill"
"Zenia Ellison";"Cheers Wine & Spirits"
"Zenia Ellison";"Edmond Mukamal D.d.s"
"Zenia Head";"Brookhaven White Collar Unit"
"Zenia Head";"Laughing Out Loud Productions"
"Zenia Head";"Paddy O'Neill's"
"Zephr Dale";"Billy Goat Tavern"
"Zephr Dale";"Madame Oar's"
"Zephr Dale";"Fionn Mac Cool's Irish Pub"
"Zeus Berg";"Venue"
"Zeus Berg";"Bracken's Pub"
"Zeus Berg";"Tropicana"
